Ordered.D;Label;treat;gf;gf2;grassdom;leaf_biomass_june;root_biomass_june;leaf_biomass_march;root_biomass_march;DNA_ID;gr_leaf;gr_root
1;M_SM1;mycorrhizal;monoculture;forb-mono;0;1,679;0,51;0,141;0,037;1;1,538;0,473
2;M_SM2;mycorrhizal;monoculture;forb-mono;0;0,979;0,586;0,129;0,034;NA;0,85;0,552
3;M_SM3;mycorrhizal;monoculture;forb-mono;0;1,419;1,306;0,164;0,043;NA;1,255;1,263
4;M_AM1;mycorrhizal;monoculture;forb-mono;0;1,319;0,57;0,06;0,021;2;1,259;0,549
5;M_AM2;mycorrhizal;monoculture;forb-mono;0;1,199;0,57;0,065;0,023;NA;1,134;0,547
6;M_AM3;mycorrhizal;monoculture;forb-mono;0;1,659;1,21;0,066;0,023;NA;1,593;1,187
7;M_BP1;mycorrhizal;monoculture;forb-mono;0;1,579;1,25;0,023;0,009;3;1,556;1,241
8;M_BP2;mycorrhizal;monoculture;forb-mono;0;1,879;1,17;0,021;0,008;NA;1,858;1,162
9;M_BP3;mycorrhizal;monoculture;forb-mono;0;1,669;0,91;0,036;0,015;NA;1,633;0,895
10;M_TO1;mycorrhizal;monoculture;forb-mono;0;1,239;1,25;0,064;0,025;4;1,175;1,225
11;M_TO2;mycorrhizal;monoculture;forb-mono;0;0,939;1,43;0,084;0,034;NA;0,855;1,396
12;M_TO3;mycorrhizal;monoculture;forb-mono;0;0,649;1,366;0,045;0,018;NA;0,604;1,348
13;M_PA1;mycorrhizal;monoculture;forb-mono;0;1,199;0,75;0,042;0,01;5;1,157;0,74
14;M_PA2;mycorrhizal;monoculture;forb-mono;0;1,169;0,226;0,007;0,001;NA;1,162;0,225
15;M_PA3;mycorrhizal;monoculture;forb-mono;0;1,439;0,95;0,012;0,002;NA;1,427;0,948
16;M_PV1;mycorrhizal;monoculture;forb-mono;0;0,829;1,05;0,046;0,017;6;0,783;1,033
17;M_PV2;mycorrhizal;monoculture;forb-mono;0;2,019;1,346;0,036;0,01;NA;1,983;1,336
18;M_PV3;mycorrhizal;monoculture;forb-mono;0;1,769;0,99;0,049;0,019;NA;1,72;0,971
19;M_RA1;mycorrhizal;monoculture;forb-mono;0;2,019;2,135;0,114;0,047;7;1,905;2,088
20;M_RA2;mycorrhizal;monoculture;forb-mono;0;1,349;3,106;0,129;0,053;NA;1,22;3,053
21;M_RA3;mycorrhizal;monoculture;forb-mono;0;2,709;6,795;0,122;0,05;NA;2,587;6,745
22;M_SV1;mycorrhizal;monoculture;forb-mono;0;1,17;1,09;0,073;0,104;8;1,097;0,986
23;M_SV2;mycorrhizal;monoculture;forb-mono;0;1,499;2,19;0,101;0,113;NA;1,398;2,077
24;M_SV3;mycorrhizal;monoculture;forb-mono;0;0,689;1,766;0,133;0,131;NA;0,556;1,635
25;M_BR1;mycorrhizal;monoculture;grass-mono;100;1,049;0,95;0,044;0,01;9;1,005;0,94
26;M_BR2;mycorrhizal;monoculture;grass-mono;100;0,989;0,846;0,023;0,007;NA;0,966;0,839
27;M_BR3;mycorrhizal;monoculture;grass-mono;100;1,739;0,97;0,041;0,018;NA;1,698;0,952
28;M_DG1;mycorrhizal;monoculture;grass-mono;100;6,219;5,815;0,195;0,179;10;6,024;5,636
29;M_DG2;mycorrhizal;monoculture;grass-mono;100;3,07;2,675;0,194;0,177;NA;2,876;2,498
30;M_DG3;mycorrhizal;monoculture;grass-mono;100;2,279;1,595;0,185;0,169;NA;2,094;1,426
31;M_FR1;mycorrhizal;monoculture;grass-mono;100;1,42;1,495;0,127;0,085;11;1,293;1,41
32;M_FR2;mycorrhizal;monoculture;grass-mono;100;2,6;2,155;0,075;0,048;NA;2,525;2,107
33;M_FR3;mycorrhizal;monoculture;grass-mono;100;1,959;1,295;0,079;0,052;NA;1,88;1,243
34;M_LP1;mycorrhizal;monoculture;grass-mono;100;4,859;3,175;0,196;0,132;12;4,663;3,043
35;M_LP2;mycorrhizal;monoculture;grass-mono;100;2,089;1,555;0,222;0,152;NA;1,867;1,403
36;M_LP3;mycorrhizal;monoculture;grass-mono;100;1,929;1,795;0,319;0,226;NA;1,61;1,569
37;M_PHP1;mycorrhizal;monoculture;grass-mono;100;1,279;1,666;0,106;0,099;13;1,173;1,567
38;M_PHP2;mycorrhizal;monoculture;grass-mono;100;1,309;1,495;0,141;0,132;NA;1,168;1,363
39;M_PHP3;mycorrhizal;monoculture;grass-mono;100;1,589;2,475;0,142;0,134;NA;1,447;2,341
40;M_PP1;mycorrhizal;monoculture;grass-mono;100;0,704;1,435;0,043;0,044;14;0,661;1,391
41;M_PP2;mycorrhizal;monoculture;grass-mono;100;0,889;1,446;0,037;0,038;NA;0,852;1,408
42;M_PP3;mycorrhizal;monoculture;grass-mono;100;1,689;1,44;0,046;0,047;NA;1,643;1,393
43;M_AC1;mycorrhizal;monoculture;grass-mono;100;3,079;1,29;0,027;0,019;15;3,052;1,271
44;M_AC2;mycorrhizal;monoculture;grass-mono;100;2,239;0,69;0,018;0,005;NA;2,221;0,685
45;M_AC3;mycorrhizal;monoculture;grass-mono;100;3,459;1,15;0,017;0,008;NA;3,442;1,142
46;M_DC1;mycorrhizal;monoculture;grass-mono;100;1,509;0,97;0,055;0,037;16;1,454;0,933
47;M_DC2;mycorrhizal;monoculture;grass-mono;100;1,889;1,915;0,07;0,048;NA;1,819;1,867
48;M_DC3;mycorrhizal;monoculture;grass-mono;100;2,719;2,315;0,067;0,046;NA;2,652;2,269
49;M_G1;mycorrhizal;grass-mix;grass-mix;100;4,029;3,965;0,111;0,09;17;3,918;3,875
50;M_G2;mycorrhizal;grass-mix;grass-mix;100;5,569;4,835;0,105;0,086;NA;5,464;4,749
51;M_G3;mycorrhizal;grass-mix;grass-mix;100;2,619;3,405;0,097;0,088;18;2,522;3,317
52;M_G4;mycorrhizal;grass-mix;grass-mix;100;3,054;3,255;0,087;0,073;NA;2,967;3,182
53;M_G5;mycorrhizal;grass-mix;grass-mix;100;5,004;4,635;0,168;0,137;19;4,836;4,498
54;M_G6;mycorrhizal;grass-mix;grass-mix;100;2,099;1,31;0,147;0,132;NA;1,952;1,178
55;M_G7;mycorrhizal;grass-mix;grass-mix;100;1,754;2,275;0,115;0,1;20;1,639;2,175
56;M_G8;mycorrhizal;grass-mix;grass-mix;100;1,984;2,379;0,04;0,028;NA;1,944;2,351
57;M_G9;mycorrhizal;grass-mix;grass-mix;100;1,494;1,035;0,106;0,072;21;1,388;0,963
58;M_G10;mycorrhizal;grass-mix;grass-mix;100;1,009;0,926;0,074;0,056;NA;0,935;0,87
59;M_G11;mycorrhizal;grass-mix;grass-mix;100;1,744;2,335;0,087;0,067;22;1,657;2,268
60;M_G12;mycorrhizal;grass-mix;grass-mix;100;1,85;1,475;0,076;0,054;NA;1,774;1,421
61;M_G13;mycorrhizal;grass-mix;grass-mix;100;1,329;1,615;0,116;0,091;23;1,213;1,524
62;M_G14;mycorrhizal;grass-mix;grass-mix;100;1,179;0,99;0,107;0,09;NA;1,072;0,9
63;M_G15;mycorrhizal;grass-mix;grass-mix;100;1,669;1,775;0,068;0,062;24;1,601;1,713
64;M_G16;mycorrhizal;grass-mix;grass-mix;100;1,569;1,39;0,057;0,045;NA;1,512;1,345
65;M_F1;mycorrhizal;forb-mix;forb-mix;0;1,359;2,21;0,058;0,022;25;1,301;2,188
66;M_F2;mycorrhizal;forb-mix;forb-mix;0;2,359;4,07;0,096;0,06;NA;2,263;4,01
67;M_F3;mycorrhizal;forb-mix;forb-mix;0;2,019;2,306;0,067;0,04;26;1,952;2,266
68;M_F4;mycorrhizal;forb-mix;forb-mix;0;1,649;1,49;0,078;0,025;NA;1,571;1,465
69;M_F5;mycorrhizal;forb-mix;forb-mix;0;0,85;1,43;0,117;0,036;27;0,733;1,394
70;M_F6;mycorrhizal;forb-mix;forb-mix;0;1,289;1,41;0,06;0,023;NA;1,229;1,387
71;M_F7;mycorrhizal;forb-mix;forb-mix;0;1,369;0,83;0,069;0,02;28;1,3;0,81
72;M_F8;mycorrhizal;forb-mix;forb-mix;0;0,839;1,186;0,078;0,024;NA;0,761;1,162
73;M_F9;mycorrhizal;forb-mix;forb-mix;0;2,519;2,97;0,077;0,048;29;2,442;2,922
74;M_F10;mycorrhizal;forb-mix;forb-mix;0;1,469;0,686;0,042;0,039;NA;1,427;0,647
75;M_F11;mycorrhizal;forb-mix;forb-mix;0;2,129;2,61;0,096;0,042;30;2,033;2,568
76;M_F12;mycorrhizal;forb-mix;forb-mix;0;0,999;1,33;0,089;0,053;NA;0,91;1,277
77;M_F13;mycorrhizal;forb-mix;forb-mix;0;1,639;1,53;0,13;0,065;31;1,509;1,465
78;M_F14;mycorrhizal;forb-mix;forb-mix;0;1,349;2,055;0,126;0,061;NA;1,223;1,994
79;M_F15;mycorrhizal;forb-mix;forb-mix;0;1,559;0,81;0,045;0,014;32;1,514;0,796
80;M_F16;mycorrhizal;forb-mix;forb-mix;0;1,759;2,67;0,102;0,032;NA;1,657;2,638
81;M_GF1;mycorrhizal;grass-forb-mix;grass-forb-mix;75;1,819;1,83;0,14;0,103;33;1,679;1,727
82;M_GF2;mycorrhizal;grass-forb-mix;grass-forb-mix;25;1,839;1,43;0,057;0,03;NA;1,782;1,4
83;M_GF3;mycorrhizal;grass-forb-mix;grass-forb-mix;75;2,819;3,43;0,086;0,066;34;2,733;3,364
84;M_GF4;mycorrhizal;grass-forb-mix;grass-forb-mix;50;2,034;2,175;0,172;0,124;NA;1,862;2,051
85;M_GF5;mycorrhizal;grass-forb-mix;grass-forb-mix;25;1,519;1,73;0,112;0,063;35;1,407;1,667
86;M_GF6;mycorrhizal;grass-forb-mix;grass-forb-mix;50;2,409;1,706;0,066;0,054;NA;2,343;1,652
87;M_GF7;mycorrhizal;grass-forb-mix;grass-forb-mix;75;2,659;3,385;0,096;0,066;36;2,563;3,319
88;M_GF8;mycorrhizal;grass-forb-mix;grass-forb-mix;50;2,094;2,695;0,12;0,084;NA;1,974;2,611
89;M_GF9;mycorrhizal;grass-forb-mix;grass-forb-mix;50;0,929;1,51;0,054;0,031;37;0,875;1,479
90;M_GF10;mycorrhizal;grass-forb-mix;grass-forb-mix;75;1,749;1,49;0,192;0,128;NA;1,557;1,362
91;M_GF11;mycorrhizal;grass-forb-mix;grass-forb-mix;25;3,479;2,79;0,114;0,069;38;3,365;2,721
92;M_GF12;mycorrhizal;grass-forb-mix;grass-forb-mix;50;0,819;1,175;0,154;0,087;NA;0,665;1,088
93;M_GF13;mycorrhizal;grass-forb-mix;grass-forb-mix;75;2,224;1,235;0,165;0,101;39;2,059;1,134
94;M_GF14;mycorrhizal;grass-forb-mix;grass-forb-mix;25;1,089;1,09;0,097;0,04;NA;0,992;1,05
95;M_GF15;mycorrhizal;grass-forb-mix;grass-forb-mix;50;1,169;1,31;0,043;0,022;40;1,126;1,288
96;M_GF16;mycorrhizal;grass-forb-mix;grass-forb-mix;50;3,449;2,755;0,142;0,053;NA;3,307;2,702
97;M_GF17;mycorrhizal;grass-forb-mix;grass-forb-mix;50;0,969;1,09;0,072;0,033;41;0,897;1,057
98;M_GF18;mycorrhizal;grass-forb-mix;grass-forb-mix;75;1,889;2,735;0,039;0,024;NA;1,85;2,711
99;M_GF19;mycorrhizal;grass-forb-mix;grass-forb-mix;50;1,42;1,515;0,083;0,045;42;1,337;1,47
100;M_GF20;mycorrhizal;grass-forb-mix;grass-forb-mix;50;0,999;1,43;0,04;0,025;NA;0,959;1,405
101;M_GF21;mycorrhizal;grass-forb-mix;grass-forb-mix;75;2,564;2,295;0,097;0,064;43;2,467;2,231
102;M_GF22;mycorrhizal;grass-forb-mix;grass-forb-mix;75;1,939;2,35;0,08;0,059;NA;1,859;2,291
103;M_GF23;mycorrhizal;grass-forb-mix;grass-forb-mix;50;1,489;1,87;0,071;0,044;44;1,418;1,826
104;M_GF24;mycorrhizal;grass-forb-mix;grass-forb-mix;25;1,759;2,675;0,085;0,035;NA;1,674;2,64
105;M_GF25;mycorrhizal;grass-forb-mix;grass-forb-mix;25;1,299;1,266;0,077;0,053;45;1,222;1,213
106;M_GF26;mycorrhizal;grass-forb-mix;grass-forb-mix;75;1,139;0,87;0,114;0,086;NA;1,025;0,784
107;M_GF27;mycorrhizal;grass-forb-mix;grass-forb-mix;50;3,599;3,075;0,102;0,081;46;3,497;2,994
108;M_GF28;mycorrhizal;grass-forb-mix;grass-forb-mix;25;1,049;1,63;0,028;0,016;NA;1,021;1,614
109;M_GF29;mycorrhizal;grass-forb-mix;grass-forb-mix;50;1,729;1,11;0,121;0,077;47;1,608;1,033
110;M_GF30;mycorrhizal;grass-forb-mix;grass-forb-mix;25;1,369;1,33;0,147;0,07;NA;1,222;1,26
111;M_GF31;mycorrhizal;grass-forb-mix;grass-forb-mix;50;2,569;2,535;0,09;0,041;48;2,479;2,494
112;M_GF32;mycorrhizal;grass-forb-mix;grass-forb-mix;50;3,189;3,475;0,145;0,091;NA;3,044;3,384
113;M_GF33;mycorrhizal;grass-forb-mix;grass-forb-mix;50;1,359;1,11;0,117;0,076;49;1,242;1,034
114;M_GF34;mycorrhizal;grass-forb-mix;grass-forb-mix;75;2,459;3,315;0,159;0,129;NA;2,3;3,186
115;M_GF35;mycorrhizal;grass-forb-mix;grass-forb-mix;50;1,6;2,815;0,06;0,042;50;1,54;2,773
116;M_GF36;mycorrhizal;grass-forb-mix;grass-forb-mix;75;0,994;1,91;0,067;0,028;NA;0,927;1,882
117;M_GF37;mycorrhizal;grass-forb-mix;grass-forb-mix;50;1,184;1,595;0,082;0,077;51;1,102;1,518
118;M_GF38;mycorrhizal;grass-forb-mix;grass-forb-mix;50;1,13;1,21;0,086;0,033;NA;1,044;1,177
119;M_GF39;mycorrhizal;grass-forb-mix;grass-forb-mix;25;1,95;1,755;0,074;0,07;52;1,876;1,685
120;M_GF40;mycorrhizal;grass-forb-mix;grass-forb-mix;50;3,804;4,795;0,147;0,111;NA;3,657;4,684
121;M_GF41;mycorrhizal;grass-forb-mix;grass-forb-mix;75;1,354;1,715;0,132;0,089;53;1,222;1,626
122;M_GF42;mycorrhizal;grass-forb-mix;grass-forb-mix;50;0,894;1,795;0,136;0,106;NA;0,758;1,689
123;M_GF43;mycorrhizal;grass-forb-mix;grass-forb-mix;75;1,95;2,155;0,126;0,106;54;1,824;2,049
124;M_GF44;mycorrhizal;grass-forb-mix;grass-forb-mix;50;1,181;1,726;0,052;0,025;NA;1,129;1,701
125;M_GF45;mycorrhizal;grass-forb-mix;grass-forb-mix;75;3,489;3,755;0,123;0,083;55;3,366;3,672
126;M_GF46;mycorrhizal;grass-forb-mix;grass-forb-mix;50;1,36;1,635;0,088;0,062;NA;1,272;1,573
127;M_GF47;mycorrhizal;grass-forb-mix;grass-forb-mix;50;1,821;2,315;0,047;0,029;56;1,774;2,286
128;M_GF48;mycorrhizal;grass-forb-mix;grass-forb-mix;50;1,65;1,775;0,065;0,049;NA;1,585;1,726
129;NM_SM1;non-mycorrhizal;monoculture;forb-mono;0;1,419;0,59;0,133;0,035;57;1,286;0,555
130;NM_SM2;non-mycorrhizal;monoculture;forb-mono;0;0,849;0,666;0,164;0,043;NA;0,685;0,623
131;NM_SM3;non-mycorrhizal;monoculture;forb-mono;0;1,079;1,226;0,161;0,042;NA;0,918;1,184
132;NM_AM1;non-mycorrhizal;monoculture;forb-mono;0;1,419;0,33;0,065;0,023;58;1,354;0,307
133;NM_AM2;non-mycorrhizal;monoculture;forb-mono;0;1,139;0,33;0,053;0,018;NA;1,086;0,312
134;NM_AM3;non-mycorrhizal;monoculture;forb-mono;0;0,809;0,67;0,077;0,028;NA;0,732;0,642
135;NM_BP1;non-mycorrhizal;monoculture;forb-mono;0;1,599;0,65;0,023;0,01;59;1,576;0,64
136;NM_BP2;non-mycorrhizal;monoculture;forb-mono;0;1,309;0,79;0,034;0,014;NA;1,275;0,776
137;NM_BP3;non-mycorrhizal;monoculture;forb-mono;0;1,519;0,55;0,034;0,014;NA;1,485;0,536
138;NM_TO1;non-mycorrhizal;monoculture;forb-mono;0;0,401;0,706;0,025;0,01;60;0,376;0,696
139;NM_TO2;non-mycorrhizal;monoculture;forb-mono;0;0,589;1,21;0,026;0,01;NA;0,563;1,2
140;NM_TO3;non-mycorrhizal;monoculture;forb-mono;0;0,779;1,506;0,064;0,026;NA;0,715;1,48
141;NM_PA1;non-mycorrhizal;monoculture;forb-mono;0;0,739;0,15;0,03;0,006;61;0,709;0,144
142;NM_PA2;non-mycorrhizal;monoculture;forb-mono;0;1,259;0,446;0,018;0,003;NA;1,241;0,443
143;NM_PA3;non-mycorrhizal;monoculture;forb-mono;0;0,639;0,41;0,012;0,002;NA;0,627;0,408
144;NM_PV1;non-mycorrhizal;monoculture;forb-mono;0;0,909;0,91;0,048;0,017;62;0,861;0,893
145;NM_PV2;non-mycorrhizal;monoculture;forb-mono;0;1,349;0,526;0,031;0,009;NA;1,318;0,517
146;NM_PV3;non-mycorrhizal;monoculture;forb-mono;0;1,449;0,81;0,021;0,007;NA;1,428;0,803
147;NM_RA1;non-mycorrhizal;monoculture;forb-mono;0;2,729;4,485;0,121;0,05;63;2,608;4,435
148;NM_RA2;non-mycorrhizal;monoculture;forb-mono;0;1,059;1,326;0,135;0,055;NA;0,924;1,271
149;NM_RA3;non-mycorrhizal;monoculture;forb-mono;0;0,999;1,81;0,094;0,039;NA;0,905;1,771
150;NM_SV1;non-mycorrhizal;monoculture;forb-mono;0;0,759;1,23;0,133;0,119;64;0,626;1,111
151;NM_SV2;non-mycorrhizal;monoculture;forb-mono;0;1,149;1,57;0,185;0,132;NA;0,964;1,438
152;NM_SV3;non-mycorrhizal;monoculture;forb-mono;0;1,799;2,655;0,148;0,13;NA;1,651;2,525
153;NM_BR1;non-mycorrhizal;monoculture;grass-mono;100;0,869;0,81;0,134;0,063;65;0,735;0,747
154;NM_BR2;non-mycorrhizal;monoculture;grass-mono;100;0,679;0,666;0,05;0,02;NA;0,629;0,646
155;NM_BR3;non-mycorrhizal;monoculture;grass-mono;100;1,589;0,795;0,022;0,009;NA;1,567;0,786
156;NM_DG1;non-mycorrhizal;monoculture;grass-mono;100;1,699;1,475;0,223;0,205;66;1,476;1,27
157;NM_DG2;non-mycorrhizal;monoculture;grass-mono;100;6,034;3,915;0,252;0,233;NA;5,782;3,682
158;NM_DG3;non-mycorrhizal;monoculture;grass-mono;100;1,909;1,295;0,205;0,189;NA;1,704;1,106
159;NM_FR1;non-mycorrhizal;monoculture;grass-mono;100;1,599;0,995;0,159;0,11;67;1,44;0,885
160;NM_FR2;non-mycorrhizal;monoculture;grass-mono;100;1,634;1,355;0,088;0,056;NA;1,546;1,299
161;NM_FR3;non-mycorrhizal;monoculture;grass-mono;100;2,259;1,669;0,128;0,086;NA;2,131;1,583
162;NM_LP1;non-mycorrhizal;monoculture;grass-mono;100;4,979;5,065;0,209;0,14;68;4,77;4,925
163;NM_LP2;non-mycorrhizal;monoculture;grass-mono;100;1,939;1,575;0,306;0,216;NA;1,633;1,359
164;NM_LP3;non-mycorrhizal;monoculture;grass-mono;100;4,589;5,235;0,267;0,185;NA;4,322;5,05
165;NM_PHP1;non-mycorrhizal;monoculture;grass-mono;100;1,259;1,346;0,13;0,122;69;1,129;1,224
166;NM_PHP2;non-mycorrhizal;monoculture;grass-mono;100;1,259;1,566;0,086;0,081;NA;1,173;1,485
167;NM_PHP3;non-mycorrhizal;monoculture;grass-mono;100;3,559;5,375;0,133;0,125;NA;3,426;5,25
168;NM_PP1;non-mycorrhizal;monoculture;grass-mono;100;0,75;1,495;0,047;0,048;70;0,703;1,447
169;NM_PP2;non-mycorrhizal;monoculture;grass-mono;100;0,609;1,35;0,037;0,038;NA;0,572;1,312
170;NM_PP3;non-mycorrhizal;monoculture;grass-mono;100;0,779;1,526;0,047;0,048;NA;0,732;1,478
171;NM_AC1;non-mycorrhizal;monoculture;grass-mono;100;1,879;0,53;0,018;0,003;71;1,861;0,527
172;NM_AC2;non-mycorrhizal;monoculture;grass-mono;100;4,009;2,255;0,026;0,019;NA;3,983;2,236
173;NM_AC3;non-mycorrhizal;monoculture;grass-mono;100;2,259;0,77;0,024;0,017;NA;2,235;0,753
174;NM_DC1;non-mycorrhizal;monoculture;grass-mono;100;2,539;1,71;0,065;0,045;72;2,474;1,665
175;NM_DC2;non-mycorrhizal;monoculture;grass-mono;100;1,149;1,066;0,05;0,034;NA;1,099;1,032
176;NM_DC3;non-mycorrhizal;monoculture;grass-mono;100;1,969;1,475;0,051;0,034;NA;1,918;1,441
177;NM_G1;non-mycorrhizal;grass-mix;grass-mix;100;3,799;3,17;0,157;0,132;73;3,642;3,038
178;NM_G2;non-mycorrhizal;grass-mix;grass-mix;100;1,679;1,21;0,08;0,069;NA;1,599;1,141
179;NM_G3;non-mycorrhizal;grass-mix;grass-mix;100;3,559;3,15;0,094;0,086;74;3,465;3,064
180;NM_G4;non-mycorrhizal;grass-mix;grass-mix;100;1,164;2,435;0,091;0,075;NA;1,073;2,36
181;NM_G5;non-mycorrhizal;grass-mix;grass-mix;100;1,574;1,575;0,247;0,2;75;1,327;1,375
182;NM_G6;non-mycorrhizal;grass-mix;grass-mix;100;2,18;1,735;0,177;0,142;NA;2,003;1,593
183;NM_G7;non-mycorrhizal;grass-mix;grass-mix;100;2,054;0,835;0,102;0,087;76;1,952;0,748
184;NM_G8;non-mycorrhizal;grass-mix;grass-mix;100;1,484;1,794;0,056;0,043;NA;1,428;1,751
185;NM_G9;non-mycorrhizal;grass-mix;grass-mix;100;1,624;0,355;0,106;0,073;77;1,518;0,282
186;NM_G10;non-mycorrhizal;grass-mix;grass-mix;100;1,25;1,315;0,056;0,039;NA;1,194;1,276
187;NM_G11;non-mycorrhizal;grass-mix;grass-mix;100;1,949;1,43;0,105;0,079;78;1,844;1,351
188;NM_G12;non-mycorrhizal;grass-mix;grass-mix;100;2,24;1,315;0,058;0,048;NA;2,182;1,267
189;NM_G13;non-mycorrhizal;grass-mix;grass-mix;100;2,089;1,835;0,188;0,153;79;1,901;1,682
190;NM_G14;non-mycorrhizal;grass-mix;grass-mix;100;1,929;1,535;0,128;0,106;NA;1,801;1,429
191;NM_G15;non-mycorrhizal;grass-mix;grass-mix;100;1,159;1,315;0,058;0,047;80;1,101;1,268
192;NM_G16;non-mycorrhizal;grass-mix;grass-mix;100;1,209;1,27;0,04;0,029;NA;1,169;1,241
193;NM_F1;non-mycorrhizal;forb-mix;forb-mix;0;1,639;1,95;0,085;0,038;81;1,554;1,912
194;NM_F2;non-mycorrhizal;forb-mix;forb-mix;0;1,949;2,59;0,125;0,071;NA;1,824;2,519
195;NM_F3;non-mycorrhizal;forb-mix;forb-mix;0;1,349;0,99;0,092;0,05;82;1,257;0,94
196;NM_F4;non-mycorrhizal;forb-mix;forb-mix;0;1,659;2,37;0,08;0,027;NA;1,579;2,343
197;NM_F5;non-mycorrhizal;forb-mix;forb-mix;0;1,984;3,555;0,092;0,032;83;1,892;3,523
198;NM_F6;non-mycorrhizal;forb-mix;forb-mix;0;1,439;1,83;0,079;0,03;NA;1,36;1,8
199;NM_F7;non-mycorrhizal;forb-mix;forb-mix;0;1,07;0,855;0,139;0,045;84;0,931;0,81
200;NM_F8;non-mycorrhizal;forb-mix;forb-mix;0;0,489;0,626;0,085;0,029;NA;0,404;0,597
201;NM_F9;non-mycorrhizal;forb-mix;forb-mix;0;1,399;0,89;0,064;0,046;85;1,335;0,844
202;NM_F10;non-mycorrhizal;forb-mix;forb-mix;0;1,114;1,086;0,068;0,04;NA;1,046;1,046
203;NM_F11;non-mycorrhizal;forb-mix;forb-mix;0;1,629;1,065;0,036;0,025;86;1,593;1,04
204;NM_F12;non-mycorrhizal;forb-mix;forb-mix;0;2,399;1,49;0,099;0,054;NA;2,3;1,436
205;NM_F13;non-mycorrhizal;forb-mix;forb-mix;0;2,689;3,49;0,152;0,071;87;2,537;3,419
206;NM_F14;non-mycorrhizal;forb-mix;forb-mix;0;0,737;1,466;0,097;0,054;NA;0,64;1,412
207;NM_F15;non-mycorrhizal;forb-mix;forb-mix;0;1,399;1,65;0,046;0,016;88;1,353;1,634
208;NM_F16;non-mycorrhizal;forb-mix;forb-mix;0;0,779;0,51;0,075;0,026;NA;0,704;0,484
209;NM_GF1;non-mycorrhizal;grass-forb-mix;grass-forb-mix;75;1,799;1,31;0,149;0,11;89;1,65;1,2
210;NM_GF2;non-mycorrhizal;grass-forb-mix;grass-forb-mix;25;1,429;1,31;0,053;0,018;NA;1,376;1,292
211;NM_GF3;non-mycorrhizal;grass-forb-mix;grass-forb-mix;75;2,499;2,45;0,106;0,091;90;2,393;2,359
212;NM_GF4;non-mycorrhizal;grass-forb-mix;grass-forb-mix;50;3,559;3,845;0,192;0,13;NA;3,367;3,715
213;NM_GF5;non-mycorrhizal;grass-forb-mix;grass-forb-mix;25;1,519;1,05;0,128;0,065;91;1,391;0,985
214;NM_GF6;non-mycorrhizal;grass-forb-mix;grass-forb-mix;50;2,279;1,63;0,076;0,061;NA;2,203;1,569
215;NM_GF7;non-mycorrhizal;grass-forb-mix;grass-forb-mix;75;1,349;1,17;0,082;0,056;92;1,267;1,114
216;NM_GF8;non-mycorrhizal;grass-forb-mix;grass-forb-mix;50;1,609;1,19;0,139;0,108;NA;1,47;1,082
217;NM_GF9;non-mycorrhizal;grass-forb-mix;grass-forb-mix;50;0,759;1,53;0,058;0,038;93;0,701;1,492
218;NM_GF10;non-mycorrhizal;grass-forb-mix;grass-forb-mix;75;2,684;1,15;0,195;0,135;NA;2,489;1,015
219;NM_GF11;non-mycorrhizal;grass-forb-mix;grass-forb-mix;25;2,534;1,15;0,095;0,054;94;2,439;1,096
220;NM_GF12;non-mycorrhizal;grass-forb-mix;grass-forb-mix;50;1,527;1,786;0,076;0,032;NA;1,451;1,754
221;NM_GF13;non-mycorrhizal;grass-forb-mix;grass-forb-mix;75;1,91;2,895;0,156;0,089;95;1,754;2,806
222;NM_GF14;non-mycorrhizal;grass-forb-mix;grass-forb-mix;25;0,9;1,61;0,082;0,031;NA;0,818;1,579
223;NM_GF15;non-mycorrhizal;grass-forb-mix;grass-forb-mix;50;0,899;0,59;0,044;0,024;96;0,855;0,566
224;NM_GF16;non-mycorrhizal;grass-forb-mix;grass-forb-mix;50;2,419;2,87;0,077;0,033;NA;2,342;2,837
225;NM_GF17;non-mycorrhizal;grass-forb-mix;grass-forb-mix;50;1,649;2,795;0,134;0,068;97;1,515;2,727
226;NM_GF18;non-mycorrhizal;grass-forb-mix;grass-forb-mix;75;1,289;1,17;0,028;0,014;NA;1,261;1,156
227;NM_GF19;non-mycorrhizal;grass-forb-mix;grass-forb-mix;50;0,749;0,81;0,055;0,023;98;0,694;0,787
228;NM_GF20;non-mycorrhizal;grass-forb-mix;grass-forb-mix;50;0,535;0,65;0,054;0,027;NA;0,481;0,623
229;NM_GF21;non-mycorrhizal;grass-forb-mix;grass-forb-mix;75;1,21;1,535;0,105;0,076;99;1,105;1,459
230;NM_GF22;non-mycorrhizal;grass-forb-mix;grass-forb-mix;75;2,909;4,575;0,093;0,068;NA;2,816;4,507
231;NM_GF23;non-mycorrhizal;grass-forb-mix;grass-forb-mix;50;1,859;1,37;0,081;0,048;100;1,778;1,322
232;NM_GF24;non-mycorrhizal;grass-forb-mix;grass-forb-mix;25;0,879;1,375;0,069;0,03;NA;0,81;1,345
233;NM_GF25;non-mycorrhizal;grass-forb-mix;grass-forb-mix;25;1,569;1,906;0,255;0,121;101;1,314;1,785
234;NM_GF26;non-mycorrhizal;grass-forb-mix;grass-forb-mix;75;1,179;0,67;0,149;0,095;NA;1,03;0,575
235;NM_GF27;non-mycorrhizal;grass-forb-mix;grass-forb-mix;50;1,059;1,226;0,081;0,055;102;0,978;1,171
236;NM_GF28;non-mycorrhizal;grass-forb-mix;grass-forb-mix;25;0,439;0,73;0,033;0,017;NA;0,406;0,713
237;NM_GF29;non-mycorrhizal;grass-forb-mix;grass-forb-mix;50;1,609;1,13;0,173;0,099;103;1,436;1,031
238;NM_GF30;non-mycorrhizal;grass-forb-mix;grass-forb-mix;25;1,399;2,455;0,17;0,087;NA;1,229;2,368
239;NM_GF31;non-mycorrhizal;grass-forb-mix;grass-forb-mix;50;1,209;1,375;0,109;0,066;104;1,1;1,309
240;NM_GF32;non-mycorrhizal;grass-forb-mix;grass-forb-mix;50;1,469;1,395;0,151;0,099;NA;1,318;1,296
241;NM_GF33;non-mycorrhizal;grass-forb-mix;grass-forb-mix;50;1,429;1,65;0,098;0,07;105;1,331;1,58
242;NM_GF34;non-mycorrhizal;grass-forb-mix;grass-forb-mix;75;1,399;1,715;0,139;0,106;NA;1,26;1,609
243;NM_GF35;non-mycorrhizal;grass-forb-mix;grass-forb-mix;50;0,82;1,275;0,051;0,034;106;0,769;1,241
244;NM_GF36;non-mycorrhizal;grass-forb-mix;grass-forb-mix;75;1,004;0,93;0,039;0,018;NA;0,965;0,912
245;NM_GF37;non-mycorrhizal;grass-forb-mix;grass-forb-mix;50;1,374;1,855;0,107;0,096;107;1,267;1,759
246;NM_GF38;non-mycorrhizal;grass-forb-mix;grass-forb-mix;50;1,77;1,815;0,089;0,041;NA;1,681;1,774
247;NM_GF39;non-mycorrhizal;grass-forb-mix;grass-forb-mix;25;3,18;3,215;0,114;0,077;108;3,066;3,138
248;NM_GF40;non-mycorrhizal;grass-forb-mix;grass-forb-mix;50;1,679;2,07;0,123;0,101;NA;1,556;1,969
249;NM_GF41;non-mycorrhizal;grass-forb-mix;grass-forb-mix;75;1,364;2,93;0,137;0,113;109;1,227;2,817
250;NM_GF42;non-mycorrhizal;grass-forb-mix;grass-forb-mix;50;1,668;1,795;0,137;0,112;NA;1,531;1,683
251;NM_GF43;non-mycorrhizal;grass-forb-mix;grass-forb-mix;75;4,41;3,675;0,119;0,095;110;4,291;3,58
252;NM_GF44;non-mycorrhizal;grass-forb-mix;grass-forb-mix;50;1,251;1,895;0,059;0,03;NA;1,192;1,865
253;NM_GF45;non-mycorrhizal;grass-forb-mix;grass-forb-mix;75;1,769;1,715;0,144;0,098;111;1,625;1,617
254;NM_GF46;non-mycorrhizal;grass-forb-mix;grass-forb-mix;50;1,31;1,795;0,104;0,081;NA;1,206;1,714
255;NM_GF47;non-mycorrhizal;grass-forb-mix;grass-forb-mix;50;1,671;1,775;0,046;0,026;112;1,625;1,749
256;NM_GF48;non-mycorrhizal;grass-forb-mix;grass-forb-mix;50;2,75;2,655;0,089;0,052;NA;2,661;2,603
